image_id,label
caa537b8.jpg,burger
0d335021.jpg,burger
135fbbcb.jpg,burger
45bf117b.jpg,burger
a42f665f.jpg,burger
d4136b39.jpg,burger
e0a69e22.jpg,burger
6ff269eb.jpg,burger
5203a82d.jpg,burger
d6f85446.jpg,burger
43def2a8.jpg,burger
6bfd78c5.jpg,burger
2a60dcf9.jpg,burger
86963189.jpg,burger
7b4501e2.jpg,burger
beff83fc.jpg,burger
41aa8cec.jpg,burger
6591146b.jpg,burger
6dc3df8e.jpg,burger
7035308c.jpg,burger
fc2409ba.jpg,burger
93b2f48a.jpg,burger
a900dc57.jpg,burger
8e7412d1.jpg,burger
b707c870.jpg,burger
0418dd73.jpg,burger
84c3442b.jpg,burger
9ab2557c.jpg,burger
9655b620.jpg,burger
09bc955e.jpg,burger
86d11d75.jpg,burger
24881502.jpg,burger
55272c74.jpg,burger
3e57aee9.jpg,burger
d5b087c5.jpg,burger
82402478.jpg,burger
5e3e9ae0.jpg,burger
9d49d4dd.jpg,burger
d7672852.jpg,burger
2949e651.jpg,burger
696161c1.jpg,burger
63377d04.jpg,burger
6bab3e57.jpg,burger
190187f7.jpg,burger
fc35fba1.jpg,burger
792be999.jpg,burger
6a0bcdb6.jpg,burger
5755bcbe.jpg,burger
bd8fa3bc.jpg,burger
d9f92ad8.jpg,burger
1b04e5c5.jpg,burger
47af7daf.jpg,burger
67355a25.jpg,burger
b0276a57.jpg,burger
48432608.jpg,burger
feaeb19d.jpg,burger
4006b164.jpg,burger
c6429e1a.jpg,burger
7cfef83c.jpg,burger
2d67cfc1.jpg,burger
745489d1.jpg,burger
7986197e.jpg,burger
ce05a214.jpg,burger
c8279b51.jpg,burger
1f750ac9.jpg,burger
e209b13b.jpg,burger
0edf83b1.jpg,burger
043919c0.jpg,burger
bf68c63e.jpg,burger
713a7b16.jpg,burger
81ba99c8.jpg,burger
7de07675.jpg,burger
55fc7f15.jpg,burger
686f0456.jpg,burger
ff31879f.jpg,burger
12d888c9.jpg,burger
362a6d55.jpg,burger
5f795d64.jpg,burger
0b2bad62.jpg,burger
27e1a006.jpg,burger
424f371d.jpg,burger
040c6ace.jpg,burger
f5afc881.jpg,burger
9238a8dc.jpg,burger
15ca5e05.jpg,burger
11207cf0.jpg,burger
bb248dcb.jpg,burger
9ce8aed2.jpg,burger
ca331d54.jpg,burger
eff9acc8.jpg,burger
1cb5f121.jpg,burger
4a5fbbc4.jpg,burger
da07c117.jpg,burger
9274ce96.jpg,burger
690a68c7.jpg,burger
cd2ad5d3.jpg,burger
a2220f8e.jpg,burger
995274f0.jpg,burger
bb86582e.jpg,burger
e084f573.jpg,burger
6cc683ce.jpg,burger
e835708e.jpg,burger
b6aa8922.jpg,burger
d909b417.jpg,burger
5db9c4af.jpg,burger
3bdf1005.jpg,burger
3278c818.jpg,burger
b86f247b.jpg,burger
05022981.jpg,burger
59ddba22.jpg,burger
b5206be1.jpg,burger
b25e704a.jpg,burger
1f123e8c.jpg,burger
e9bfae00.jpg,burger
8950e2ba.jpg,burger
ded90532.jpg,burger
e07d1c47.jpg,burger
c8299274.jpg,burger
ff3fd2cd.jpg,burger
5b7ecab4.jpg,burger
f918c94d.jpg,burger
129f9440.jpg,burger
06b1ab89.jpg,burger
6e4be5cf.jpg,burger
f234069c.jpg,burger
87975ffd.jpg,burger
6e7c435a.jpg,burger
46719785.jpg,burger
92ad5412.jpg,burger
5114500e.jpg,burger
4aa13f40.jpg,burger
730d160a.jpg,burger
338a1cdd.jpg,burger
46ddd5b5.jpg,burger
fc8e1657.jpg,burger
6be6a8e4.jpg,burger
8bf65711.jpg,burger
41f935db.jpg,burger
196c2d76.jpg,burger
572321e2.jpg,burger
8f176de1.jpg,burger
f575880c.jpg,burger
25678a58.jpg,burger
cc51fb22.jpg,burger
04be01f3.jpg,burger
218ca019.jpg,burger
092ebb29.jpg,burger
49089d55.jpg,burger
4b59cb5b.jpg,burger
eb795847.jpg,burger
d52bcf1a.jpg,burger
250c506c.jpg,burger
43bdae00.jpg,burger
8e4cceb1.jpg,burger
05787d61.jpg,burger
dc80130d.jpg,burger
9f8c47ab.jpg,burger
59fea5df.jpg,burger
9f7242e0.jpg,burger
39bed4ae.jpg,burger
9ee7a3f5.jpg,burger
2b6cb7b9.jpg,burger
2f3460f8.jpg,burger
a40a2775.jpg,burger
4e4b1385.jpg,burger
a5f61a9f.jpg,burger
f0ba9fd3.jpg,burger
9dd93f54.jpg,burger
9714590d.jpg,burger
4e0fbd64.jpg,burger
17f97a8f.jpg,burger
047581c6.jpg,burger
2f275b99.jpg,burger
fe36e730.jpg,burger
d6c48ff1.jpg,burger
fcb91566.jpg,burger
052bea5c.jpg,burger
f302ddb1.jpg,burger
fcf2a128.jpg,burger
8d34496b.jpg,burger
56793dc7.jpg,burger
19094bac.jpg,burger
afafd4e8.jpg,burger
d5b9116f.jpg,burger
48bce470.jpg,burger
69b35687.jpg,burger
6e3e4e54.jpg,burger
f15ab45e.jpg,burger
6f15933c.jpg,burger
105f43a8.jpg,burger
1f8eac93.jpg,burger
e83d2368.jpg,burger
4f12af98.jpg,burger
6876d37e.jpg,burger
694b9173.jpg,burger
cb3fbc2c.jpg,burger
2c58af40.jpg,burger
36b546e3.jpg,burger
8d500262.jpg,burger
0d5d2712.jpg,burger
2830b938.jpg,burger
3cd40542.jpg,burger
e18b3dad.jpg,burger
7d9688b7.jpg,burger
3899efe9.jpg,burger
7d428eda.jpg,burger
bfd75377.jpg,burger
cb1cfba3.jpg,burger
cc061e3c.jpg,burger
32f2b5ed.jpg,burger
58a365a8.jpg,burger
540cfc69.jpg,burger
cdcfc18d.jpg,burger
a15fa672.jpg,burger
89a9b248.jpg,burger
db961a79.jpg,burger
5391eed8.jpg,burger
3c2ed795.jpg,burger
143e023e.jpg,burger
c5ab9d3f.jpg,burger
f16338ca.jpg,burger
de468ad1.jpg,burger
c09750b7.jpg,burger
c6c96a23.jpg,burger
92c0edd4.jpg,burger
2ba9786e.jpg,burger
03139344.jpg,burger
a1ce0ee7.jpg,burger
6332721e.jpg,burger
a4913d22.jpg,burger
3721b29a.jpg,burger
5c6d9363.jpg,burger
bd439a04.jpg,burger
9a90397b.jpg,burger
d859b3f5.jpg,burger
ea6b5f4b.jpg,burger
614d2e2e.jpg,burger
5fabc41a.jpg,burger
1db6fc26.jpg,burger
f18b5749.jpg,burger
13de977b.jpg,burger
9c10037f.jpg,burger
05f39776.jpg,burger
4d6ba4da.jpg,burger
7698f17f.jpg,burger
44629f21.jpg,burger
de525dd0.jpg,burger
b7294130.jpg,burger
e1675c66.jpg,burger
eebc2b1f.jpg,burger
5c119eca.jpg,burger
7ac5bf30.jpg,burger
8f8ddb7a.jpg,burger
cd6e2da9.jpg,burger
6356a1ca.jpg,burger
34b0e94e.jpg,burger
7a3cd26e.jpg,burger
0a790c14.jpg,burger
bfd26ca6.jpg,burger
0da814ba.jpg,burger
49b9cf81.jpg,burger
cf682dd9.jpg,burger
4e67922d.jpg,burger
03c8ab9f.jpg,burger
5a85ce96.jpg,burger
eb8c22d2.jpg,burger
9761885a.jpg,burger
f93f836e.jpg,burger
3998420d.jpg,burger
877e8b86.jpg,burger
8a1d331d.jpg,burger
a107bd58.jpg,burger
5c99b8fc.jpg,burger
259c13c3.jpg,burger
e0c21a20.jpg,burger
5d60251c.jpg,burger
5572a2bc.jpg,burger
334c0921.jpg,burger
bb6c6297.jpg,burger
da0c486c.jpg,burger
a679ff3b.jpg,burger
70ef4076.jpg,burger
e320b431.jpg,burger
dd6deee6.jpg,burger
b3eb17a2.jpg,burger
b667e0d7.jpg,burger
77e8d462.jpg,burger
a64cef6c.jpg,burger
47ac9efd.jpg,burger
c4d3ce07.jpg,burger
6f585f0b.jpg,burger
29f0bed8.jpg,burger
40ab0c4a.jpg,burger
71aecaed.jpg,burger
db8ad12e.jpg,burger
78b1eb06.jpg,burger
0c7a3ea9.jpg,burger
d6595dce.jpg,burger
66326ff8.jpg,burger
1f328426.jpg,burger
3ec8f860.jpg,burger
e3b9ea53.jpg,burger
2421377d.jpg,burger
ddd91f46.jpg,burger
1fe50420.jpg,burger
63e270cd.jpg,burger
aed0182a.jpg,burger
fa94af31.jpg,burger
b3d98535.jpg,burger
ac3bb20e.jpg,burger
efc8e485.jpg,burger
16851ceb.jpg,burger
bbd7b4c9.jpg,burger
7f617f13.jpg,burger
bf797363.jpg,burger
26fbee96.jpg,burger
f651931c.jpg,burger
75012713.jpg,burger
c2b8bf68.jpg,burger
edb4995a.jpg,burger
f047300e.jpg,burger
1b5ab53b.jpg,burger
e16be096.jpg,burger
9093d68e.jpg,burger
1c993409.jpg,burger
6011c7b0.jpg,burger
a5d0886b.jpg,burger
0be64ae2.jpg,burger
9d1e389d.jpg,burger
045a3f9e.jpg,burger
776336ac.jpg,burger
4b514e49.jpg,burger
68b9b804.jpg,burger
c9f35084.jpg,burger
df472297.jpg,burger
9daeb1f5.jpg,burger
763f1bb9.jpg,burger
48ace44e.jpg,burger
109aac55.jpg,burger
b56632a8.jpg,burger
e3ef7bc7.jpg,burger
a4d6c39d.jpg,burger
6b0df433.jpg,burger
2dd0ee8b.jpg,burger
123a3ccd.jpg,burger
f8a26806.jpg,burger
58bf5ecd.jpg,burger
4b6728f0.jpg,burger
77e91ecf.jpg,burger
e8e259fe.jpg,burger
ebe0c072.jpg,burger
7712ca44.jpg,burger
55225d87.jpg,burger
e8b0e03c.jpg,burger
31b36982.jpg,burger
9e9f3c0e.jpg,burger
0e900607.jpg,burger
4a19b2b2.jpg,burger
d8738717.jpg,burger
957b0542.jpg,burger
289b03eb.jpg,burger
563b86de.jpg,burger
5b1a1c38.jpg,burger
773b263f.jpg,burger
269e70ec.jpg,burger
6664704a.jpg,burger
6875da06.jpg,burger
930d0906.jpg,burger
45df834d.jpg,burger
ececa1dd.jpg,burger
60cf5a4a.jpg,burger
86909dda.jpg,burger
90dcf5ec.jpg,burger
7ab248b3.jpg,burger
94dcc468.jpg,burger
5d81ecc4.jpg,burger
b5b94a2d.jpg,burger
6f1b2bef.jpg,burger
f8a5af46.jpg,burger
c770d1ce.jpg,burger
013d2855.jpg,burger
911547b3.jpg,burger
51d3bde4.jpg,burger
0b0de712.jpg,burger
e96a3782.jpg,burger
8e154f54.jpg,burger
8144b6f8.jpg,burger
b1c66411.jpg,burger
37441b3c.jpg,burger
0789738b.jpg,burger
75e52540.jpg,burger
1e3e492f.jpg,burger
f048f006.jpg,burger
8da4377e.jpg,burger
7fd988a8.jpg,burger
b7119110.jpg,burger
9fef0958.jpg,burger
d3c14632.jpg,burger
b44c5ae0.jpg,burger
5785dbc3.jpg,burger
d892ffda.jpg,burger
10ad7a6c.jpg,burger
9f47886d.jpg,burger
7f53505e.jpg,burger
562cd3f4.jpg,burger
057a3510.jpg,burger
18ce4714.jpg,burger
daeb4658.jpg,burger
9513faa0.jpg,burger
edf2f5a8.jpg,burger
842ded94.jpg,burger
982ca122.jpg,burger
318745a8.jpg,burger
bc209765.jpg,burger
3b408929.jpg,burger
09418e06.jpg,burger
20da99e6.jpg,burger
694b5f16.jpg,burger
b4cf5752.jpg,burger
15b86fa9.jpg,burger
5cdc7537.jpg,burger
05328ff0.jpg,burger
a8c5d110.jpg,burger
da86f62b.jpg,burger
58558a7c.jpg,burger
2a08032d.jpg,burger
728ee0d9.jpg,burger
23633a4d.jpg,burger
8aecbbcd.jpg,burger
6469322d.jpg,burger
c52bffd2.jpg,burger
6ecfe91c.jpg,burger
cac32a71.jpg,burger
5a34c980.jpg,burger
6784a6e2.jpg,burger
2ec83dd2.jpg,burger
6caf7764.jpg,burger
73d7111d.jpg,burger
2a949cb1.jpg,burger
de470faf.jpg,burger
1bb18561.jpg,burger
2ec4548a.jpg,burger
074909bb.jpg,burger
c82a14f1.jpg,burger
cf80c5fa.jpg,burger
154d9b5d.jpg,burger
b2dd6089.jpg,burger
519d7422.jpg,burger
421791e7.jpg,burger
36d5cf0f.jpg,burger
4076b418.jpg,burger
5df0b1fa.jpg,burger
72197c9c.jpg,burger
2192211d.jpg,burger
a948788c.jpg,burger
041df2da.jpg,burger
310f606f.jpg,burger
bbda4880.jpg,burger
e96ae380.jpg,burger
ea3390e7.jpg,burger
53051778.jpg,burger
22ed6839.jpg,burger
1270428d.jpg,burger
68a026e8.jpg,burger
8a8ad08c.jpg,burger
061bb3ed.jpg,burger
13ef291d.jpg,burger
57222bce.jpg,burger
1c893d4c.jpg,burger
be557c47.jpg,burger
adddcf41.jpg,burger
92d626f0.jpg,burger
0436ad53.jpg,burger
c1b47c73.jpg,burger
46a1507c.jpg,burger
801bc061.jpg,burger
cd1807b0.jpg,burger
cbebceeb.jpg,burger
e2c9d282.jpg,burger
3f97edeb.jpg,burger
7c6018f0.jpg,burger
f78fdff9.jpg,burger
4d7d48bb.jpg,burger
fd608197.jpg,burger
ddecad8c.jpg,burger
4c352196.jpg,burger
2dc848e6.jpg,burger
695b5f27.jpg,burger
c4b48dda.jpg,burger
b619a8d2.jpg,burger
d8af4e0a.jpg,burger
3950e7df.jpg,burger
8cf40402.jpg,burger
93b7a2d4.jpg,burger
5b22402d.jpg,burger
ec0e2797.jpg,burger
19fab1a5.jpg,burger
d27c0ba8.jpg,burger
c8fcfce2.jpg,burger
b4323412.jpg,burger
ae756bf5.jpg,burger
e05d5ac7.jpg,burger
e6caee4d.jpg,burger
98f4ceca.jpg,burger
d06d32eb.jpg,burger
23171949.jpg,burger
e9f6b535.jpg,burger
1b7da99f.jpg,burger
a7ed8138.jpg,burger
d63d7f4a.jpg,burger
073295aa.jpg,burger
47ee364c.jpg,burger
fda34d41.jpg,burger
7ec44f43.jpg,burger
fb62bdef.jpg,burger
c2a6921b.jpg,burger
c4f20c98.jpg,burger
8da74fe8.jpg,burger
d0d5c9a6.jpg,burger
df793940.jpg,burger
85fe5279.jpg,burger
57ae37b4.jpg,burger
25c8d971.jpg,burger
c43dfbe6.jpg,burger
1a38cf2f.jpg,burger
bd276253.jpg,burger
ab9ddc88.jpg,burger
90a2b173.jpg,burger
37ff1183.jpg,burger
e2088204.jpg,burger
42455c24.jpg,burger
665202d4.jpg,burger
64898581.jpg,burger
dcc4e7ea.jpg,burger
c46dc764.jpg,burger
ddbfe089.jpg,burger
ddb23110.jpg,burger
225580dc.jpg,burger
9df66813.jpg,burger
3d371230.jpg,burger
23223cfe.jpg,burger
1898a54a.jpg,burger
0fe75d13.jpg,burger
15d2734d.jpg,burger
d1b15c53.jpg,burger
b564c813.jpg,burger
ea6a97b5.jpg,burger
61821449.jpg,burger
e0f64c8f.jpg,burger
7eeb39a6.jpg,burger
590acbf0.jpg,burger
a26c4a94.jpg,burger
1068ac1b.jpg,burger
bf6d2dd6.jpg,burger
8ec7ae77.jpg,burger
1ab016ef.jpg,burger
5eee4b47.jpg,burger
93838b10.jpg,burger
cfe49cea.jpg,burger
41e06db9.jpg,burger
701296f5.jpg,burger
6291aaa9.jpg,burger
b0c8bd51.jpg,burger
852bac8a.jpg,burger
1f83c5bf.jpg,burger
c7bb2852.jpg,burger
be9fc651.jpg,burger
fb2ac74f.jpg,burger
4b29d209.jpg,burger
9ed96223.jpg,burger
845fef7a.jpg,burger
fa35ef71.jpg,burger
2c2445fb.jpg,burger
bdb91408.jpg,burger
95290d58.jpg,burger
c77cc661.jpg,burger
03413ef9.jpg,burger
5fced894.jpg,burger
8f87a3b4.jpg,burger
4987ca4f.jpg,burger
1e4327c1.jpg,burger
98716916.jpg,burger
36351fc7.jpg,burger
46b9bb7d.jpg,burger
e5e64f2d.jpg,burger
f65e4cca.jpg,burger
7361f7d6.jpg,burger
a5a97838.jpg,burger
188448c7.jpg,burger
86eb3b6d.jpg,burger
0c9002b2.jpg,burger
d45d77bc.jpg,burger
9221bf0f.jpg,burger
efd7615e.jpg,burger
50add591.jpg,burger
50a21db2.jpg,burger
fcf8bdeb.jpg,burger
324c257e.jpg,burger
6141e7db.jpg,burger
c20bfabd.jpg,burger
f0a10c0f.jpg,burger
31e1c924.jpg,burger
f0e7cdc7.jpg,burger
c7e1161f.jpg,burger
15cebddb.jpg,burger
368be01a.jpg,burger
7eabe076.jpg,burger
0aa1c265.jpg,burger
2af5b803.jpg,burger
1de1a6be.jpg,burger
b46fe39a.jpg,burger
ef38e2de.jpg,burger
671f9d47.jpg,burger
7edb8507.jpg,burger
7994d38b.jpg,burger
0d3a5539.jpg,burger
371b49de.jpg,burger
625653f2.jpg,burger
b603a645.jpg,burger
8081d5fa.jpg,burger
ca664d18.jpg,burger
b5bc8427.jpg,burger
823235e5.jpg,burger
67bd5f9f.jpg,burger
5ddceccb.jpg,burger
bb1b4edd.jpg,burger
6b9ae924.jpg,burger
99a41487.jpg,burger
121352f6.jpg,burger
83cbaf8a.jpg,burger
aa010fbb.jpg,burger
1272ecb9.jpg,burger
7f32dc52.jpg,burger
2288499e.jpg,burger
cfff8402.jpg,burger
a7155bd1.jpg,burger
2d500896.jpg,burger
c06a39f1.jpg,burger
bc065d1d.jpg,burger
fe7957a5.jpg,burger
ab857f48.jpg,burger
785ad8f3.jpg,burger
02edbdf7.jpg,burger
c7caa084.jpg,burger
22cc93c4.jpg,burger
5567cb9c.jpg,burger
90ba8253.jpg,burger
6a51c7e9.jpg,burger
587c3015.jpg,burger
90ac7e8d.jpg,burger
e785af49.jpg,burger
589cc968.jpg,burger
44aaffc5.jpg,burger
f61e47b6.jpg,burger
f3597248.jpg,burger
c3114ae6.jpg,burger
a3a49ab2.jpg,burger
449bcf19.jpg,burger
38d81b2c.jpg,burger
9cd5a93f.jpg,burger
3db9d2ec.jpg,burger
d2116bc0.jpg,burger
eaaf8eb0.jpg,burger
43ddb87f.jpg,burger
3dd4a7f5.jpg,burger
a8d41f37.jpg,burger
3ab1f2d8.jpg,burger
3b221fcd.jpg,burger
80dcdc8d.jpg,burger
b79b5c9c.jpg,burger
271204e2.jpg,burger
820ae987.jpg,burger
713a57ff.jpg,burger
24fc4ae3.jpg,burger
f061b3cb.jpg,burger
798e5818.jpg,burger
cc851238.jpg,burger
7292b8dc.jpg,burger
6f6d4713.jpg,burger
ad9bfdf4.jpg,burger
2a799cd1.jpg,burger
861c3bce.jpg,burger
8a28074e.jpg,burger
e4d9bf10.jpg,burger
48aa515e.jpg,burger
164d2623.jpg,burger
d8be5ebb.jpg,burger
9db1041d.jpg,burger
45c3b258.jpg,burger
5aced50c.jpg,burger
661ff9c0.jpg,burger
e6837e8b.jpg,burger
d46f1b17.jpg,burger
d97e7014.jpg,burger
d9ea017c.jpg,burger
88f5ff4c.jpg,burger
29d8a66b.jpg,burger
9a6f8aa1.jpg,burger
8e3ae5a4.jpg,burger
82b93f8e.jpg,burger
c64d0279.jpg,burger
60d69625.jpg,burger
f1e39e77.jpg,burger
85a5ea71.jpg,burger
71c57b6a.jpg,burger
0d2b3757.jpg,burger
aef51cd9.jpg,burger
bab744b1.jpg,burger
b2ac70af.jpg,burger
627b9c25.jpg,burger
489903b8.jpg,burger
c6f5eeff.jpg,burger
08e29d50.jpg,burger
2f3271a1.jpg,burger
9e0b476a.jpg,burger
c42b72e5.jpg,burger
dd980ad0.jpg,burger
1fe6c895.jpg,burger
be855e2f.jpg,burger
7fb81db8.jpg,burger
14535800.jpg,burger
7e3ce644.jpg,burger
84f11b67.jpg,burger
76ea4465.jpg,burger
76d33164.jpg,burger
f546ce3c.jpg,burger
4de54f58.jpg,burger
82781f46.jpg,burger
3f39145d.jpg,burger
b7275602.jpg,burger
d769cd85.jpg,burger
98d5162a.jpg,burger
3f012904.jpg,burger
47b58dad.jpg,burger
00de5019.jpg,burger
e9ed6f4c.jpg,burger
3556ab36.jpg,burger
0ea249a3.jpg,burger
a518fb7f.jpg,burger
6450276c.jpg,burger
7cd85f8a.jpg,burger
536d431f.jpg,burger
5415e336.jpg,burger
a0358ad5.jpg,burger
6c5cb4ed.jpg,burger
7218e07e.jpg,burger
ddf4e257.jpg,burger
c35a41d0.jpg,burger
869666f8.jpg,burger
42a03519.jpg,burger
ada91a76.jpg,burger
55d63dc4.jpg,burger
ad7311e9.jpg,burger
f96a59a7.jpg,burger
c37f8ece.jpg,burger
ef9a3736.jpg,burger
c26bf234.jpg,burger
4ac97240.jpg,burger
3a6c2f92.jpg,burger
b8c831cf.jpg,burger
04862e59.jpg,burger
e52e06a8.jpg,burger
0c1eac56.jpg,burger
aece955c.jpg,burger
